EAR,ITERATION
0.19720591010846478,0
0.20547335296203242,1
